[
    {
        "model": "eval.department",
        "pk": "CSE",
        "fields": {}
    },
    {
        "model": "eval.open_close",
        "pk": "student_portal",
        "fields": {
            "open_time": "2020-07-15T18:40:17.530Z",
            "close_time": "2020-07-20T18:57:25.148Z"
        }
    },
    {
        "model": "eval.faculty",
        "pk": "admin",
        "fields": {
            "name": "admin",
            "email": "admin@gmail.com",
            "phone": "1234567890",
            "dept": "CSE",
            "fac_type": "Professor",
            "is_active": true,
            "is_admin": true,
            "mynotes": "happy happy"
        }
    },
    {
        "model": "eval.faculty",
        "pk": "coord1",
        "fields": {
            "name": "coord1",
            "email": "abc@gmail.com",
            "phone": "1234567890",
            "dept": "CSE",
            "fac_type": "Associate Professor",
            "is_active": true,
            "is_admin": false,
            "mynotes": "my notes!!, can write a memo upto 1000 characters"
        }
    },
    {
        "model": "eval.faculty",
        "pk": "coord2",
        "fields": {
            "name": "coord2name",
            "email": "abc@gmail.com",
            "phone": "1324354657",
            "dept": "CSE",
            "fac_type": "Associate Professor",
            "is_active": false,
            "is_admin": false,
            "mynotes": "my notes!!, can write a memo upto 1000 characters"
        }
    },
    {
        "model": "eval.faculty",
        "pk": "eval1",
        "fields": {
            "name": "eval1",
            "email": "eval1@gmail.com",
            "phone": "9786756453",
            "dept": "CSE",
            "fac_type": "Professor",
            "is_active": true,
            "is_admin": false,
            "mynotes": "my notes!!, can write a memo upto 1000 characters"
        }
    },
    {
        "model": "eval.faculty",
        "pk": "eval2",
        "fields": {
            "name": "eval2",
            "email": "joke@gmail.com",
            "phone": "6857463524",
            "dept": "CSE",
            "fac_type": "Professor",
            "is_active": true,
            "is_admin": false,
            "mynotes": "my notes!!, can write a memo upto 1000 characters"
        }
    },
    {
        "model": "eval.faculty",
        "pk": "eval3",
        "fields": {
            "name": "eval3",
            "email": "abcd@gmail.com",
            "phone": "1425364758",
            "dept": "CSE",
            "fac_type": "Professor",
            "is_active": true,
            "is_admin": false,
            "mynotes": "my notes!!, can write a memo upto 1000 characters"
        }
    },
    {
        "model": "eval.facultypanel",
        "pk": 2,
        "fields": {
            "fac_id": "admin",
            "panel_id": 17,
            "is_coordinator": true
        }
    },
    {
        "model": "eval.facultypanel",
        "pk": 3,
        "fields": {
            "fac_id": "coord1",
            "panel_id": 18,
            "is_coordinator": true
        }
    },
    {
        "model": "eval.facultypanel",
        "pk": 4,
        "fields": {
            "fac_id": "eval1",
            "panel_id": 17,
            "is_coordinator": false
        }
    },
    {
        "model": "eval.panel",
        "pk": 17,
        "fields": {
            "panel_year_code": "pn2020",
            "panel_id": "0000000001",
            "panel_name": "a",
            "is_active": true,
            "ctime": "2020-07-09T15:06:36.151Z"
        }
    },
    {
        "model": "eval.panel",
        "pk": 18,
        "fields": {
            "panel_year_code": "pn2020",
            "panel_id": "0000000002",
            "panel_name": "b",
            "is_active": false,
            "ctime": "2020-07-09T15:06:36.187Z"
        }
    },
    {
        "model": "eval.panelreview",
        "pk": "pn2020_0000000001_1",
        "fields": {
            "review_number": 1,
            "panel_id": 17,
            "open_time": "2020-07-09T03:06:00Z",
            "close_time": "2020-07-15T03:06:00Z"
        }
    },
    {
        "model": "eval.panelreview",
        "pk": "pn2020_0000000001_2",
        "fields": {
            "review_number": 2,
            "panel_id": 17,
            "open_time": "2020-07-12T03:06:00Z",
            "close_time": "2020-07-16T03:06:00Z"
        }
    },
    {
        "model": "eval.panelreview",
        "pk": "pn2020_0000000001_3",
        "fields": {
            "review_number": 3,
            "panel_id": 17,
            "open_time": "2020-07-09T03:06:00Z",
            "close_time": "2020-07-31T03:06:00Z"
        }
    },
    {
        "model": "eval.panelreview",
        "pk": "pn2020_0000000001_4",
        "fields": {
            "review_number": 4,
            "panel_id": 17,
            "open_time": "2020-07-09T15:06:36.151Z",
            "close_time": "2020-07-09T15:06:36.151Z"
        }
    },
    {
        "model": "eval.panelreview",
        "pk": "pn2020_0000000001_5",
        "fields": {
            "review_number": 5,
            "panel_id": 17,
            "open_time": "2020-07-09T15:06:36.151Z",
            "close_time": "2020-07-09T15:06:36.151Z"
        }
    },
    {
        "model": "eval.panelreview",
        "pk": "pn2020_0000000002_1",
        "fields": {
            "review_number": 1,
            "panel_id": 18,
            "open_time": "2020-07-09T15:06:36.187Z",
            "close_time": "2020-07-09T15:06:36.187Z"
        }
    },
    {
        "model": "eval.panelreview",
        "pk": "pn2020_0000000002_2",
        "fields": {
            "review_number": 2,
            "panel_id": 18,
            "open_time": "2020-07-09T15:06:36.187Z",
            "close_time": "2020-07-09T15:06:36.187Z"
        }
    },
    {
        "model": "eval.panelreview",
        "pk": "pn2020_0000000002_3",
        "fields": {
            "review_number": 3,
            "panel_id": 18,
            "open_time": "2020-07-09T15:06:36.187Z",
            "close_time": "2020-07-09T15:06:36.187Z"
        }
    },
    {
        "model": "eval.panelreview",
        "pk": "pn2020_0000000002_4",
        "fields": {
            "review_number": 4,
            "panel_id": 18,
            "open_time": "2020-07-09T15:06:36.187Z",
            "close_time": "2020-07-09T15:06:36.187Z"
        }
    },
    {
        "model": "eval.panelreview",
        "pk": "pn2020_0000000002_5",
        "fields": {
            "review_number": 5,
            "panel_id": 18,
            "open_time": "2020-07-09T15:06:36.187Z",
            "close_time": "2020-07-09T15:06:36.187Z"
        }
    },
    {
        "model": "eval.review1",
        "pk": "PES1201800007_admin_1",
        "fields": {
            "srn": "PES1201800007",
            "fac_id": "admin",
            "concept_of_the_work": 0,
            "methodology_proposed": 0,
            "literature_survey": 0,
            "knowledge_on_the_project": 0,
            "private_comments": "private_comments",
            "public_comments": "not yet scored",
            "is_evaluated": false
        }
    },
    {
        "model": "eval.review1",
        "pk": "PES1201800007_eval1_1",
        "fields": {
            "srn": "PES1201800007",
            "fac_id": "eval1",
            "concept_of_the_work": 5,
            "methodology_proposed": 5,
            "literature_survey": 5,
            "knowledge_on_the_project": 5,
            "private_comments": null,
            "public_comments": null,
            "is_evaluated": true
        }
    },
    {
        "model": "eval.review1",
        "pk": "PES1201801913_admin_1",
        "fields": {
            "srn": "PES1201801913",
            "fac_id": "admin",
            "concept_of_the_work": 0,
            "methodology_proposed": 0,
            "literature_survey": 0,
            "knowledge_on_the_project": 0,
            "private_comments": "private_comments",
            "public_comments": "not yet scored",
            "is_evaluated": false
        }
    },
    {
        "model": "eval.review1",
        "pk": "PES1201801913_eval1_1",
        "fields": {
            "srn": "PES1201801913",
            "fac_id": "eval1",
            "concept_of_the_work": 0,
            "methodology_proposed": 0,
            "literature_survey": 0,
            "knowledge_on_the_project": 0,
            "private_comments": null,
            "public_comments": null,
            "is_evaluated": false
        }
    },
    {
        "model": "eval.review1",
        "pk": "PES1201802006_admin_1",
        "fields": {
            "srn": "PES1201802006",
            "fac_id": "admin",
            "concept_of_the_work": 0,
            "methodology_proposed": 0,
            "literature_survey": 0,
            "knowledge_on_the_project": 0,
            "private_comments": "private_comments",
            "public_comments": "not yet scored",
            "is_evaluated": false
        }
    },
    {
        "model": "eval.review1",
        "pk": "PES1201802006_eval1_1",
        "fields": {
            "srn": "PES1201802006",
            "fac_id": "eval1",
            "concept_of_the_work": 0,
            "methodology_proposed": 0,
            "literature_survey": 0,
            "knowledge_on_the_project": 0,
            "private_comments": null,
            "public_comments": null,
            "is_evaluated": false
        }
    },
    {
        "model": "eval.review2",
        "pk": "PES1201800007_admin_2",
        "fields": {
            "srn": "PES1201800007",
            "fac_id": "admin",
            "requirements_specification": 0,
            "user_interface_use_cases": 0,
            "understanding_of_technology_platform_middleware": 0,
            "viva_voce": 0,
            "private_comments": "hello",
            "public_comments": "null",
            "is_evaluated": false
        }
    },
    {
        "model": "eval.review2",
        "pk": "PES1201800007_eval1_2",
        "fields": {
            "srn": "PES1201800007",
            "fac_id": "eval1",
            "requirements_specification": 0,
            "user_interface_use_cases": 0,
            "understanding_of_technology_platform_middleware": 0,
            "viva_voce": 0,
            "private_comments": null,
            "public_comments": null,
            "is_evaluated": false
        }
    },
    {
        "model": "eval.review2",
        "pk": "PES1201801913_admin_2",
        "fields": {
            "srn": "PES1201801913",
            "fac_id": "admin",
            "requirements_specification": 0,
            "user_interface_use_cases": 0,
            "understanding_of_technology_platform_middleware": 0,
            "viva_voce": 0,
            "private_comments": "null",
            "public_comments": "null",
            "is_evaluated": false
        }
    },
    {
        "model": "eval.review2",
        "pk": "PES1201801913_eval1_2",
        "fields": {
            "srn": "PES1201801913",
            "fac_id": "eval1",
            "requirements_specification": 0,
            "user_interface_use_cases": 0,
            "understanding_of_technology_platform_middleware": 0,
            "viva_voce": 0,
            "private_comments": null,
            "public_comments": null,
            "is_evaluated": false
        }
    },
    {
        "model": "eval.review2",
        "pk": "PES1201802006_admin_2",
        "fields": {
            "srn": "PES1201802006",
            "fac_id": "admin",
            "requirements_specification": 0,
            "user_interface_use_cases": 0,
            "understanding_of_technology_platform_middleware": 0,
            "viva_voce": 0,
            "private_comments": "null",
            "public_comments": "null",
            "is_evaluated": false
        }
    },
    {
        "model": "eval.review2",
        "pk": "PES1201802006_eval1_2",
        "fields": {
            "srn": "PES1201802006",
            "fac_id": "eval1",
            "requirements_specification": 0,
            "user_interface_use_cases": 0,
            "understanding_of_technology_platform_middleware": 0,
            "viva_voce": 0,
            "private_comments": null,
            "public_comments": null,
            "is_evaluated": false
        }
    },
    {
        "model": "eval.review3",
        "pk": "PES1201800007_admin_3",
        "fields": {
            "srn": "PES1201800007",
            "fac_id": "admin",
            "design_philosophy_methodology": 0,
            "user_interface_design_backend_design_and_design_for_any_algorithms": 0,
            "suitably_of_design_in_comparison_to_the_technology_proposed": 0,
            "progress_of_the_project_work": 0,
            "viva_voce": 0,
            "private_comments": "may god bless",
            "public_comments": "hello world",
            "is_evaluated": true
        }
    },
    {
        "model": "eval.review3",
        "pk": "PES1201800007_eval1_3",
        "fields": {
            "srn": "PES1201800007",
            "fac_id": "eval1",
            "design_philosophy_methodology": 0,
            "user_interface_design_backend_design_and_design_for_any_algorithms": 0,
            "suitably_of_design_in_comparison_to_the_technology_proposed": 0,
            "progress_of_the_project_work": 0,
            "viva_voce": 0,
            "private_comments": "not yet scored",
            "public_comments": "not yet scored",
            "is_evaluated": true
        }
    },
    {
        "model": "eval.review3",
        "pk": "PES1201801913_admin_3",
        "fields": {
            "srn": "PES1201801913",
            "fac_id": "admin",
            "design_philosophy_methodology": 0,
            "user_interface_design_backend_design_and_design_for_any_algorithms": 0,
            "suitably_of_design_in_comparison_to_the_technology_proposed": 0,
            "progress_of_the_project_work": 0,
            "viva_voce": 0,
            "private_comments": "private_comments",
            "public_comments": "not yet scored",
            "is_evaluated": false
        }
    },
    {
        "model": "eval.review3",
        "pk": "PES1201801913_eval1_3",
        "fields": {
            "srn": "PES1201801913",
            "fac_id": "eval1",
            "design_philosophy_methodology": 0,
            "user_interface_design_backend_design_and_design_for_any_algorithms": 0,
            "suitably_of_design_in_comparison_to_the_technology_proposed": 0,
            "progress_of_the_project_work": 0,
            "viva_voce": 0,
            "private_comments": "not yet scored",
            "public_comments": "not yet scored",
            "is_evaluated": true
        }
    },
    {
        "model": "eval.review3",
        "pk": "PES1201802006_admin_3",
        "fields": {
            "srn": "PES1201802006",
            "fac_id": "admin",
            "design_philosophy_methodology": 0,
            "user_interface_design_backend_design_and_design_for_any_algorithms": 0,
            "suitably_of_design_in_comparison_to_the_technology_proposed": 0,
            "progress_of_the_project_work": 0,
            "viva_voce": 0,
            "private_comments": "private_comments",
            "public_comments": "not yet scored",
            "is_evaluated": false
        }
    },
    {
        "model": "eval.review3",
        "pk": "PES1201802006_eval1_3",
        "fields": {
            "srn": "PES1201802006",
            "fac_id": "eval1",
            "design_philosophy_methodology": 0,
            "user_interface_design_backend_design_and_design_for_any_algorithms": 0,
            "suitably_of_design_in_comparison_to_the_technology_proposed": 0,
            "progress_of_the_project_work": 0,
            "viva_voce": 0,
            "private_comments": "not yet scored",
            "public_comments": "not yet scored",
            "is_evaluated": false
        }
    },
    {
        "model": "eval.student",
        "pk": "PES1201800001",
        "fields": {
            "name": "god1",
            "email": "11tu2@gmail.com",
            "phone": "9876543210",
            "dept": "CSE",
            "team_id": 2615
        }
    },
    {
        "model": "eval.student",
        "pk": "PES1201800002",
        "fields": {
            "name": "god2",
            "email": "22tu2@gmail.com",
            "phone": "9876543211",
            "dept": "CSE",
            "team_id": 2616
        }
    },
    {
        "model": "eval.student",
        "pk": "PES1201800003",
        "fields": {
            "name": "god3",
            "email": "33tu2@gmail.com",
            "phone": "9876543212",
            "dept": "CSE",
            "team_id": 2617
        }
    },
    {
        "model": "eval.student",
        "pk": "PES1201800004",
        "fields": {
            "name": "god4",
            "email": "44tu4@gmail.com",
            "phone": "9876543213",
            "dept": "CSE",
            "team_id": 2618
        }
    },
    {
        "model": "eval.student",
        "pk": "PES1201800005",
        "fields": {
            "name": "god5",
            "email": "55tu2@gmail.com",
            "phone": "9876543214",
            "dept": "CSE",
            "team_id": 2619
        }
    },
    {
        "model": "eval.student",
        "pk": "PES1201800006",
        "fields": {
            "name": "god6",
            "email": "66tu2@gmail.com",
            "phone": "9876543215",
            "dept": "CSE",
            "team_id": 2620
        }
    },
    {
        "model": "eval.student",
        "pk": "PES1201800007",
        "fields": {
            "name": "god7",
            "email": "77tu2@gmail.com",
            "phone": "9876543210",
            "dept": "CSE",
            "team_id": 2621
        }
    },
    {
        "model": "eval.student",
        "pk": "PES1201800008",
        "fields": {
            "name": "god8",
            "email": "88tu2@gmail.com",
            "phone": "9876543217",
            "dept": "CSE",
            "team_id": 2622
        }
    },
    {
        "model": "eval.student",
        "pk": "PES1201800009",
        "fields": {
            "name": "god9",
            "email": "99tu2@gmail.com",
            "phone": "9876543218",
            "dept": "CSE",
            "team_id": 2623
        }
    },
    {
        "model": "eval.student",
        "pk": "PES1201800010",
        "fields": {
            "name": "god10",
            "email": "1010tu2@gmail.com",
            "phone": "9876543219",
            "dept": "CSE",
            "team_id": 2624
        }
    },
    {
        "model": "eval.student",
        "pk": "PES1201800011",
        "fields": {
            "name": "god11",
            "email": "1111tu2@gmail.com",
            "phone": "9876543220",
            "dept": "CSE",
            "team_id": 2625
        }
    },
    {
        "model": "eval.student",
        "pk": "PES1201800012",
        "fields": {
            "name": "god12",
            "email": "1240tu2@gmail.com",
            "phone": "9876543221",
            "dept": "CSE",
            "team_id": 2626
        }
    },
    {
        "model": "eval.student",
        "pk": "PES1201800013",
        "fields": {
            "name": "god13",
            "email": "1345tu2@gmail.com",
            "phone": "9876543222",
            "dept": "CSE",
            "team_id": 2627
        }
    },
    {
        "model": "eval.student",
        "pk": "PES1201800014",
        "fields": {
            "name": "god14",
            "email": "1446tu2@gmail.com",
            "phone": "9876543223",
            "dept": "CSE",
            "team_id": 2628
        }
    },
    {
        "model": "eval.student",
        "pk": "PES1201800015",
        "fields": {
            "name": "god15",
            "email": "47tu2@gmail.com",
            "phone": "9876543224",
            "dept": "CSE",
            "team_id": 2629
        }
    },
    {
        "model": "eval.student",
        "pk": "PES1201800016",
        "fields": {
            "name": "god16",
            "email": "48tu2@gmail.com",
            "phone": "9876543225",
            "dept": "CSE",
            "team_id": 2630
        }
    },
    {
        "model": "eval.student",
        "pk": "PES1201800017",
        "fields": {
            "name": "god17",
            "email": "49tu2@gmail.com",
            "phone": "9876543226",
            "dept": "CSE",
            "team_id": 2631
        }
    },
    {
        "model": "eval.student",
        "pk": "PES1201800018",
        "fields": {
            "name": "god18",
            "email": "37tu2@gmail.com",
            "phone": "9876543227",
            "dept": "CSE",
            "team_id": 2632
        }
    },
    {
        "model": "eval.student",
        "pk": "PES1201800019",
        "fields": {
            "name": "god19",
            "email": "36tu2@gmail.com",
            "phone": "9876543228",
            "dept": "CSE",
            "team_id": 2633
        }
    },
    {
        "model": "eval.student",
        "pk": "PES1201801901",
        "fields": {
            "name": "NR1",
            "email": "1tu1@gmail.com",
            "phone": "2222222221",
            "dept": "CSE",
            "team_id": 2615
        }
    },
    {
        "model": "eval.student",
        "pk": "PES1201801903",
        "fields": {
            "name": "NR2",
            "email": "2tu2@gmail.com",
            "phone": "2222222222",
            "dept": "CSE",
            "team_id": 2616
        }
    },
    {
        "model": "eval.student",
        "pk": "PES1201801905",
        "fields": {
            "name": "NR3",
            "email": "3tu2@gmail.com",
            "phone": "2222222223",
            "dept": "CSE",
            "team_id": 2617
        }
    },
    {
        "model": "eval.student",
        "pk": "PES1201801907",
        "fields": {
            "name": "NR4",
            "email": "4tu4@gmail.com",
            "phone": "2222222224",
            "dept": "CSE",
            "team_id": 2618
        }
    },
    {
        "model": "eval.student",
        "pk": "PES1201801909",
        "fields": {
            "name": "NR5",
            "email": "5tu2@gmail.com",
            "phone": "2222222225",
            "dept": "CSE",
            "team_id": 2619
        }
    },
    {
        "model": "eval.student",
        "pk": "PES1201801911",
        "fields": {
            "name": "NR6",
            "email": "6tu2@gmail.com",
            "phone": "2222222226",
            "dept": "CSE",
            "team_id": 2620
        }
    },
    {
        "model": "eval.student",
        "pk": "PES1201801913",
        "fields": {
            "name": "NR7",
            "email": "7tu2@gmail.com",
            "phone": "2222222227",
            "dept": "CSE",
            "team_id": 2621
        }
    },
    {
        "model": "eval.student",
        "pk": "PES1201801915",
        "fields": {
            "name": "NR8",
            "email": "8tu2@gmail.com",
            "phone": "2222222228",
            "dept": "CSE",
            "team_id": 2622
        }
    },
    {
        "model": "eval.student",
        "pk": "PES1201801917",
        "fields": {
            "name": "NR9",
            "email": "9tu2@gmail.com",
            "phone": "2222222229",
            "dept": "CSE",
            "team_id": 2623
        }
    },
    {
        "model": "eval.student",
        "pk": "PES1201801919",
        "fields": {
            "name": "NR10",
            "email": "10tu2@gmail.com",
            "phone": "2222222230",
            "dept": "CSE",
            "team_id": 2624
        }
    },
    {
        "model": "eval.student",
        "pk": "PES1201801921",
        "fields": {
            "name": "NR11",
            "email": "11tu2@gmail.com",
            "phone": "2222222231",
            "dept": "CSE",
            "team_id": 2625
        }
    },
    {
        "model": "eval.student",
        "pk": "PES1201801923",
        "fields": {
            "name": "NR12",
            "email": "12tu2@gmail.com",
            "phone": "2222222232",
            "dept": "CSE",
            "team_id": 2626
        }
    },
    {
        "model": "eval.student",
        "pk": "PES1201801925",
        "fields": {
            "name": "NR13",
            "email": "13tu2@gmail.com",
            "phone": "2222222233",
            "dept": "CSE",
            "team_id": 2627
        }
    },
    {
        "model": "eval.student",
        "pk": "PES1201801927",
        "fields": {
            "name": "NR14",
            "email": "14tu2@gmail.com",
            "phone": "2222222234",
            "dept": "CSE",
            "team_id": 2628
        }
    },
    {
        "model": "eval.student",
        "pk": "PES1201801929",
        "fields": {
            "name": "NR15",
            "email": "16tu2@gmail.com",
            "phone": "2222222235",
            "dept": "CSE",
            "team_id": 2629
        }
    },
    {
        "model": "eval.student",
        "pk": "PES1201801931",
        "fields": {
            "name": "NR16",
            "email": "17tu2@gmail.com",
            "phone": "2222222236",
            "dept": "CSE",
            "team_id": 2630
        }
    },
    {
        "model": "eval.student",
        "pk": "PES1201801933NR17",
        "fields": {
            "name": "NR17",
            "email": "18tu2@gmail.com",
            "phone": "2222222237",
            "dept": "CSE",
            "team_id": 2631
        }
    },
    {
        "model": "eval.student",
        "pk": "PES1201801935",
        "fields": {
            "name": "NR18",
            "email": "19tu2@gmail.com",
            "phone": "2222222237",
            "dept": "CSE",
            "team_id": 2632
        }
    },
    {
        "model": "eval.student",
        "pk": "PES1201801937",
        "fields": {
            "name": "NR19",
            "email": "20tu2@gmail.com",
            "phone": "2222222238",
            "dept": "CSE",
            "team_id": 2633
        }
    },
    {
        "model": "eval.student",
        "pk": "PES1201802000",
        "fields": {
            "name": "goodness1",
            "email": "abc@gmail.com",
            "phone": "1111111112",
            "dept": "CSE",
            "team_id": 2615
        }
    },
    {
        "model": "eval.student",
        "pk": "PES1201802001",
        "fields": {
            "name": "goodness2",
            "email": "1bc@gmail.com",
            "phone": "1111111113",
            "dept": "CSE",
            "team_id": 2616
        }
    },
    {
        "model": "eval.student",
        "pk": "PES1201802002",
        "fields": {
            "name": "goodness3",
            "email": "2bc@gmail.com",
            "phone": "1111111115",
            "dept": "CSE",
            "team_id": 2617
        }
    },
    {
        "model": "eval.student",
        "pk": "PES1201802003",
        "fields": {
            "name": "goodness4",
            "email": "3bc@gmail.com",
            "phone": "1111111116",
            "dept": "CSE",
            "team_id": 2618
        }
    },
    {
        "model": "eval.student",
        "pk": "PES1201802004",
        "fields": {
            "name": "goodness5",
            "email": "4bc@gmail.com",
            "phone": "1111111117",
            "dept": "CSE",
            "team_id": 2619
        }
    },
    {
        "model": "eval.student",
        "pk": "PES1201802005",
        "fields": {
            "name": "goodness6",
            "email": "5bc@gmail.com",
            "phone": "1111111118",
            "dept": "CSE",
            "team_id": 2620
        }
    },
    {
        "model": "eval.student",
        "pk": "PES1201802006",
        "fields": {
            "name": "goodness7",
            "email": "6bc@gmail.com",
            "phone": "1111111119",
            "dept": "CSE",
            "team_id": 2621
        }
    },
    {
        "model": "eval.student",
        "pk": "PES1201802007",
        "fields": {
            "name": "goodness8",
            "email": "7bc@gmail.com",
            "phone": "1111111120",
            "dept": "CSE",
            "team_id": 2622
        }
    },
    {
        "model": "eval.student",
        "pk": "PES1201802008",
        "fields": {
            "name": "goodness9",
            "email": "8bc@gmail.com",
            "phone": "1111111121",
            "dept": "CSE",
            "team_id": 2623
        }
    },
    {
        "model": "eval.student",
        "pk": "PES1201802009",
        "fields": {
            "name": "goodness10",
            "email": "9bc@gmail.com",
            "phone": "1111111122",
            "dept": "CSE",
            "team_id": 2624
        }
    },
    {
        "model": "eval.student",
        "pk": "PES1201802010",
        "fields": {
            "name": "goodness11",
            "email": "10c@gmail.com",
            "phone": "1111111123",
            "dept": "CSE",
            "team_id": 2625
        }
    },
    {
        "model": "eval.student",
        "pk": "PES1201802011",
        "fields": {
            "name": "goodness12",
            "email": "11c@gmail.com",
            "phone": "1111111124",
            "dept": "CSE",
            "team_id": 2626
        }
    },
    {
        "model": "eval.student",
        "pk": "PES1201802012",
        "fields": {
            "name": "goodness13",
            "email": "12c@gmail.com",
            "phone": "1111111125",
            "dept": "CSE",
            "team_id": 2627
        }
    },
    {
        "model": "eval.student",
        "pk": "PES1201802013",
        "fields": {
            "name": "goodness14",
            "email": "13c@gmail.com",
            "phone": "1111111126",
            "dept": "CSE",
            "team_id": 2628
        }
    },
    {
        "model": "eval.student",
        "pk": "PES1201802014",
        "fields": {
            "name": "goodness15",
            "email": "14c@gmail.com",
            "phone": "1111111127",
            "dept": "CSE",
            "team_id": 2629
        }
    },
    {
        "model": "eval.student",
        "pk": "PES1201802015",
        "fields": {
            "name": "goodness16",
            "email": "25c@gmail.com",
            "phone": "1111111128",
            "dept": "CSE",
            "team_id": 2630
        }
    },
    {
        "model": "eval.student",
        "pk": "PES1201802016",
        "fields": {
            "name": "goodness17",
            "email": "16c@gmail.com",
            "phone": "1111111129",
            "dept": "CSE",
            "team_id": 2631
        }
    },
    {
        "model": "eval.student",
        "pk": "PES1201802017",
        "fields": {
            "name": "goodness18",
            "email": "19c@gmail.com",
            "phone": "1111111130",
            "dept": "CSE",
            "team_id": 2632
        }
    },
    {
        "model": "eval.student",
        "pk": "PES1201802018",
        "fields": {
            "name": "goodness19",
            "email": "26c@gmail.com",
            "phone": "1111111131",
            "dept": "CSE",
            "team_id": 2633
        }
    },
    {
        "model": "eval.team",
        "pk": 2615,
        "fields": {
            "team_year_code": "Tm_2020",
            "team_id": "0000000001",
            "team_name": "wonderful",
            "description": "how are you",
            "guide": "coord1",
            "panel_id": null
        }
    },
    {
        "model": "eval.team",
        "pk": 2616,
        "fields": {
            "team_year_code": "Tm_2020",
            "team_id": "0000000002",
            "team_name": "wonderfultoo",
            "description": "not fine",
            "guide": null,
            "panel_id": null
        }
    },
    {
        "model": "eval.team",
        "pk": 2617,
        "fields": {
            "team_year_code": "Tm_2020",
            "team_id": "0000000003",
            "team_name": "good",
            "description": "sad",
            "guide": "coord1",
            "panel_id": null
        }
    },
    {
        "model": "eval.team",
        "pk": 2618,
        "fields": {
            "team_year_code": "Tm_2020",
            "team_id": "0000000004",
            "team_name": "boyz",
            "description": "dsfsd",
            "guide": "coord1",
            "panel_id": null
        }
    },
    {
        "model": "eval.team",
        "pk": 2619,
        "fields": {
            "team_year_code": "Tm_2020",
            "team_id": "0000000005",
            "team_name": "hello",
            "description": "sdsad",
            "guide": null,
            "panel_id": null
        }
    },
    {
        "model": "eval.team",
        "pk": 2620,
        "fields": {
            "team_year_code": "Tm_2020",
            "team_id": "0000000006",
            "team_name": "talent",
            "description": "sadsag",
            "guide": null,
            "panel_id": null
        }
    },
    {
        "model": "eval.team",
        "pk": 2621,
        "fields": {
            "team_year_code": "Tm_2020",
            "team_id": "0000000007",
            "team_name": "rectified",
            "description": "hi",
            "guide": "eval1",
            "panel_id": 17
        }
    },
    {
        "model": "eval.team",
        "pk": 2622,
        "fields": {
            "team_year_code": "Tm_2020",
            "team_id": "0000000008",
            "team_name": "wreck",
            "description": "ewrwe",
            "guide": "eval1",
            "panel_id": 17
        }
    },
    {
        "model": "eval.team",
        "pk": 2623,
        "fields": {
            "team_year_code": "Tm_2020",
            "team_id": "0000000009",
            "team_name": "polo",
            "description": "gfdgd",
            "guide": "eval1",
            "panel_id": 17
        }
    },
    {
        "model": "eval.team",
        "pk": 2624,
        "fields": {
            "team_year_code": "Tm_2020",
            "team_id": "0000000010",
            "team_name": "juhu",
            "description": "tretre",
            "guide": "eval1",
            "panel_id": 17
        }
    },
    {
        "model": "eval.team",
        "pk": 2625,
        "fields": {
            "team_year_code": "Tm_2020",
            "team_id": "0000000011",
            "team_name": "qatar",
            "description": "sdfs",
            "guide": "eval2",
            "panel_id": null
        }
    },
    {
        "model": "eval.team",
        "pk": 2626,
        "fields": {
            "team_year_code": "Tm_2020",
            "team_id": "0000000012",
            "team_name": "linkin",
            "description": "sdsdfsdfs",
            "guide": "eval2",
            "panel_id": null
        }
    },
    {
        "model": "eval.team",
        "pk": 2627,
        "fields": {
            "team_year_code": "Tm_2020",
            "team_id": "0000000013",
            "team_name": "magic",
            "description": "rewwfw",
            "guide": "eval3",
            "panel_id": null
        }
    },
    {
        "model": "eval.team",
        "pk": 2628,
        "fields": {
            "team_year_code": "Tm_2020",
            "team_id": "0000000014",
            "team_name": "lolsters",
            "description": "sfdf",
            "guide": "eval3",
            "panel_id": null
        }
    },
    {
        "model": "eval.team",
        "pk": 2629,
        "fields": {
            "team_year_code": "Tm_2020",
            "team_id": "0000000015",
            "team_name": "intellectual",
            "description": "ryewer",
            "guide": "eval3",
            "panel_id": null
        }
    },
    {
        "model": "eval.team",
        "pk": 2630,
        "fields": {
            "team_year_code": "Tm_2020",
            "team_id": "0000000016",
            "team_name": "coders",
            "description": "atleast one proprly",
            "guide": "admin",
            "panel_id": 17
        }
    },
    {
        "model": "eval.team",
        "pk": 2631,
        "fields": {
            "team_year_code": "Tm_2020",
            "team_id": "0000000017",
            "team_name": "qwe",
            "description": "yuhy",
            "guide": "admin",
            "panel_id": 17
        }
    },
    {
        "model": "eval.team",
        "pk": 2632,
        "fields": {
            "team_year_code": "Tm_2020",
            "team_id": "0000000018",
            "team_name": "codsters",
            "description": "qwwq",
            "guide": "admin",
            "panel_id": 17
        }
    },
    {
        "model": "eval.team",
        "pk": 2633,
        "fields": {
            "team_year_code": "Tm_2020",
            "team_id": "0000000019",
            "team_name": "qwwqw",
            "description": "sdfg",
            "guide": "admin",
            "panel_id": 17
        }
    },
    {
        "model": "eval.teamfacultyreview",
        "pk": 7,
        "fields": {
            "team_id": 2621,
            "fac_id": "eval1",
            "review_number": 1,
            "remark": "        "
        }
    },
    {
        "model": "eval.teamfacultyreview",
        "pk": 9,
        "fields": {
            "team_id": 2621,
            "fac_id": "eval1",
            "review_number": 2,
            "remark": null
        }
    },
    {
        "model": "eval.teamfacultyreview",
        "pk": 10,
        "fields": {
            "team_id": 2621,
            "fac_id": "admin",
            "review_number": 2,
            "remark": "        "
        }
    },
    {
        "model": "eval.teamfacultyreview",
        "pk": 11,
        "fields": {
            "team_id": 2621,
            "fac_id": "admin",
            "review_number": 1,
            "remark": null
        }
    },
    {
        "model": "eval.teamfacultyreview",
        "pk": 12,
        "fields": {
            "team_id": 2621,
            "fac_id": "eval1",
            "review_number": 3,
            "remark": ""
        }
    },
    {
        "model": "eval.teamfacultyreview",
        "pk": 13,
        "fields": {
            "team_id": 2621,
            "fac_id": "admin",
            "review_number": 3,
            "remark": "        "
        }
    },
    {
        "model": "sessions.session",
        "pk": "5n8ue6yj35nz8idqwywgche0kr5rx7r2",
        "fields": {
            "session_data": "YTE5MWEzMDJmODMxOTRkNjllZGE4NGRlZTVmNmFiNzVkMDYzYzQzNTp7Il9hdXRoX3VzZXJfaWQiOiIxIiwiX2F1dGhfdXNlcl9iYWNrZW5kIjoiZGphbmdvLmNvbnRyaWIuYXV0aC5iYWNrZW5kcy5Nb2RlbEJhY2tlbmQiLCJfYXV0aF91c2VyX2hhc2giOiI4OGVhODE2YzgyNmI5MGE3OTY1NmZkZGE0NDI5MGE4NDNjYmRiZDVkIn0=",
            "expire_date": "2020-07-23T13:43:38.892Z"
        }
    },
    {
        "model": "sessions.session",
        "pk": "gga35sins7fcqrcw95k7860smnpprpiv",
        "fields": {
            "session_data": "OWQ5YmY2NWVlZTgxZWIxZDQ4NWUwNjJjNjU1NmFhOGQ3MjY5MzE5YTp7Il9zZXNzaW9uX2V4cGlyeSI6MzYwMCwiX2F1dGhfdXNlcl9pZCI6IjEiLCJfYXV0aF91c2VyX2JhY2tlbmQiOiJkamFuZ28uY29udHJpYi5hdXRoLmJhY2tlbmRzLk1vZGVsQmFja2VuZCIsIl9hdXRoX3VzZXJfaGFzaCI6Ijg4ZWE4MTZjODI2YjkwYTc5NjU2ZmRkYTQ0MjkwYTg0M2NiZGJkNWQifQ==",
            "expire_date": "2020-07-16T13:17:11.765Z"
        }
    },
    {
        "model": "auth.permission",
        "pk": 1,
        "fields": {
            "name": "Can add department",
            "content_type": 1,
            "codename": "add_department"
        }
    },
    {
        "model": "auth.permission",
        "pk": 2,
        "fields": {
            "name": "Can change department",
            "content_type": 1,
            "codename": "change_department"
        }
    },
    {
        "model": "auth.permission",
        "pk": 3,
        "fields": {
            "name": "Can delete department",
            "content_type": 1,
            "codename": "delete_department"
        }
    },
    {
        "model": "auth.permission",
        "pk": 4,
        "fields": {
            "name": "Can view department",
            "content_type": 1,
            "codename": "view_department"
        }
    },
    {
        "model": "auth.permission",
        "pk": 5,
        "fields": {
            "name": "Can add faculty",
            "content_type": 2,
            "codename": "add_faculty"
        }
    },
    {
        "model": "auth.permission",
        "pk": 6,
        "fields": {
            "name": "Can change faculty",
            "content_type": 2,
            "codename": "change_faculty"
        }
    },
    {
        "model": "auth.permission",
        "pk": 7,
        "fields": {
            "name": "Can delete faculty",
            "content_type": 2,
            "codename": "delete_faculty"
        }
    },
    {
        "model": "auth.permission",
        "pk": 8,
        "fields": {
            "name": "Can view faculty",
            "content_type": 2,
            "codename": "view_faculty"
        }
    },
    {
        "model": "auth.permission",
        "pk": 9,
        "fields": {
            "name": "Can add panel",
            "content_type": 3,
            "codename": "add_panel"
        }
    },
    {
        "model": "auth.permission",
        "pk": 10,
        "fields": {
            "name": "Can change panel",
            "content_type": 3,
            "codename": "change_panel"
        }
    },
    {
        "model": "auth.permission",
        "pk": 11,
        "fields": {
            "name": "Can delete panel",
            "content_type": 3,
            "codename": "delete_panel"
        }
    },
    {
        "model": "auth.permission",
        "pk": 12,
        "fields": {
            "name": "Can view panel",
            "content_type": 3,
            "codename": "view_panel"
        }
    },
    {
        "model": "auth.permission",
        "pk": 13,
        "fields": {
            "name": "Can add team",
            "content_type": 4,
            "codename": "add_team"
        }
    },
    {
        "model": "auth.permission",
        "pk": 14,
        "fields": {
            "name": "Can change team",
            "content_type": 4,
            "codename": "change_team"
        }
    },
    {
        "model": "auth.permission",
        "pk": 15,
        "fields": {
            "name": "Can delete team",
            "content_type": 4,
            "codename": "delete_team"
        }
    },
    {
        "model": "auth.permission",
        "pk": 16,
        "fields": {
            "name": "Can view team",
            "content_type": 4,
            "codename": "view_team"
        }
    },
    {
        "model": "auth.permission",
        "pk": 17,
        "fields": {
            "name": "Can add team faculty review",
            "content_type": 5,
            "codename": "add_teamfacultyreview"
        }
    },
    {
        "model": "auth.permission",
        "pk": 18,
        "fields": {
            "name": "Can change team faculty review",
            "content_type": 5,
            "codename": "change_teamfacultyreview"
        }
    },
    {
        "model": "auth.permission",
        "pk": 19,
        "fields": {
            "name": "Can delete team faculty review",
            "content_type": 5,
            "codename": "delete_teamfacultyreview"
        }
    },
    {
        "model": "auth.permission",
        "pk": 20,
        "fields": {
            "name": "Can view team faculty review",
            "content_type": 5,
            "codename": "view_teamfacultyreview"
        }
    },
    {
        "model": "auth.permission",
        "pk": 21,
        "fields": {
            "name": "Can add student",
            "content_type": 6,
            "codename": "add_student"
        }
    },
    {
        "model": "auth.permission",
        "pk": 22,
        "fields": {
            "name": "Can change student",
            "content_type": 6,
            "codename": "change_student"
        }
    },
    {
        "model": "auth.permission",
        "pk": 23,
        "fields": {
            "name": "Can delete student",
            "content_type": 6,
            "codename": "delete_student"
        }
    },
    {
        "model": "auth.permission",
        "pk": 24,
        "fields": {
            "name": "Can view student",
            "content_type": 6,
            "codename": "view_student"
        }
    },
    {
        "model": "auth.permission",
        "pk": 25,
        "fields": {
            "name": "Can add review5",
            "content_type": 7,
            "codename": "add_review5"
        }
    },
    {
        "model": "auth.permission",
        "pk": 26,
        "fields": {
            "name": "Can change review5",
            "content_type": 7,
            "codename": "change_review5"
        }
    },
    {
        "model": "auth.permission",
        "pk": 27,
        "fields": {
            "name": "Can delete review5",
            "content_type": 7,
            "codename": "delete_review5"
        }
    },
    {
        "model": "auth.permission",
        "pk": 28,
        "fields": {
            "name": "Can view review5",
            "content_type": 7,
            "codename": "view_review5"
        }
    },
    {
        "model": "auth.permission",
        "pk": 29,
        "fields": {
            "name": "Can add review4",
            "content_type": 8,
            "codename": "add_review4"
        }
    },
    {
        "model": "auth.permission",
        "pk": 30,
        "fields": {
            "name": "Can change review4",
            "content_type": 8,
            "codename": "change_review4"
        }
    },
    {
        "model": "auth.permission",
        "pk": 31,
        "fields": {
            "name": "Can delete review4",
            "content_type": 8,
            "codename": "delete_review4"
        }
    },
    {
        "model": "auth.permission",
        "pk": 32,
        "fields": {
            "name": "Can view review4",
            "content_type": 8,
            "codename": "view_review4"
        }
    },
    {
        "model": "auth.permission",
        "pk": 33,
        "fields": {
            "name": "Can add review3",
            "content_type": 9,
            "codename": "add_review3"
        }
    },
    {
        "model": "auth.permission",
        "pk": 34,
        "fields": {
            "name": "Can change review3",
            "content_type": 9,
            "codename": "change_review3"
        }
    },
    {
        "model": "auth.permission",
        "pk": 35,
        "fields": {
            "name": "Can delete review3",
            "content_type": 9,
            "codename": "delete_review3"
        }
    },
    {
        "model": "auth.permission",
        "pk": 36,
        "fields": {
            "name": "Can view review3",
            "content_type": 9,
            "codename": "view_review3"
        }
    },
    {
        "model": "auth.permission",
        "pk": 37,
        "fields": {
            "name": "Can add review2",
            "content_type": 10,
            "codename": "add_review2"
        }
    },
    {
        "model": "auth.permission",
        "pk": 38,
        "fields": {
            "name": "Can change review2",
            "content_type": 10,
            "codename": "change_review2"
        }
    },
    {
        "model": "auth.permission",
        "pk": 39,
        "fields": {
            "name": "Can delete review2",
            "content_type": 10,
            "codename": "delete_review2"
        }
    },
    {
        "model": "auth.permission",
        "pk": 40,
        "fields": {
            "name": "Can view review2",
            "content_type": 10,
            "codename": "view_review2"
        }
    },
    {
        "model": "auth.permission",
        "pk": 41,
        "fields": {
            "name": "Can add review1",
            "content_type": 11,
            "codename": "add_review1"
        }
    },
    {
        "model": "auth.permission",
        "pk": 42,
        "fields": {
            "name": "Can change review1",
            "content_type": 11,
            "codename": "change_review1"
        }
    },
    {
        "model": "auth.permission",
        "pk": 43,
        "fields": {
            "name": "Can delete review1",
            "content_type": 11,
            "codename": "delete_review1"
        }
    },
    {
        "model": "auth.permission",
        "pk": 44,
        "fields": {
            "name": "Can view review1",
            "content_type": 11,
            "codename": "view_review1"
        }
    },
    {
        "model": "auth.permission",
        "pk": 45,
        "fields": {
            "name": "Can add panel review",
            "content_type": 12,
            "codename": "add_panelreview"
        }
    },
    {
        "model": "auth.permission",
        "pk": 46,
        "fields": {
            "name": "Can change panel review",
            "content_type": 12,
            "codename": "change_panelreview"
        }
    },
    {
        "model": "auth.permission",
        "pk": 47,
        "fields": {
            "name": "Can delete panel review",
            "content_type": 12,
            "codename": "delete_panelreview"
        }
    },
    {
        "model": "auth.permission",
        "pk": 48,
        "fields": {
            "name": "Can view panel review",
            "content_type": 12,
            "codename": "view_panelreview"
        }
    },
    {
        "model": "auth.permission",
        "pk": 49,
        "fields": {
            "name": "Can add faculty panel",
            "content_type": 13,
            "codename": "add_facultypanel"
        }
    },
    {
        "model": "auth.permission",
        "pk": 50,
        "fields": {
            "name": "Can change faculty panel",
            "content_type": 13,
            "codename": "change_facultypanel"
        }
    },
    {
        "model": "auth.permission",
        "pk": 51,
        "fields": {
            "name": "Can delete faculty panel",
            "content_type": 13,
            "codename": "delete_facultypanel"
        }
    },
    {
        "model": "auth.permission",
        "pk": 52,
        "fields": {
            "name": "Can view faculty panel",
            "content_type": 13,
            "codename": "view_facultypanel"
        }
    },
    {
        "model": "auth.permission",
        "pk": 53,
        "fields": {
            "name": "Can add cron job log",
            "content_type": 14,
            "codename": "add_cronjoblog"
        }
    },
    {
        "model": "auth.permission",
        "pk": 54,
        "fields": {
            "name": "Can change cron job log",
            "content_type": 14,
            "codename": "change_cronjoblog"
        }
    },
    {
        "model": "auth.permission",
        "pk": 55,
        "fields": {
            "name": "Can delete cron job log",
            "content_type": 14,
            "codename": "delete_cronjoblog"
        }
    },
    {
        "model": "auth.permission",
        "pk": 56,
        "fields": {
            "name": "Can view cron job log",
            "content_type": 14,
            "codename": "view_cronjoblog"
        }
    },
    {
        "model": "auth.permission",
        "pk": 57,
        "fields": {
            "name": "Can add Token",
            "content_type": 15,
            "codename": "add_token"
        }
    },
    {
        "model": "auth.permission",
        "pk": 58,
        "fields": {
            "name": "Can change Token",
            "content_type": 15,
            "codename": "change_token"
        }
    },
    {
        "model": "auth.permission",
        "pk": 59,
        "fields": {
            "name": "Can delete Token",
            "content_type": 15,
            "codename": "delete_token"
        }
    },
    {
        "model": "auth.permission",
        "pk": 60,
        "fields": {
            "name": "Can view Token",
            "content_type": 15,
            "codename": "view_token"
        }
    },
    {
        "model": "auth.permission",
        "pk": 61,
        "fields": {
            "name": "Can add log entry",
            "content_type": 16,
            "codename": "add_logentry"
        }
    },
    {
        "model": "auth.permission",
        "pk": 62,
        "fields": {
            "name": "Can change log entry",
            "content_type": 16,
            "codename": "change_logentry"
        }
    },
    {
        "model": "auth.permission",
        "pk": 63,
        "fields": {
            "name": "Can delete log entry",
            "content_type": 16,
            "codename": "delete_logentry"
        }
    },
    {
        "model": "auth.permission",
        "pk": 64,
        "fields": {
            "name": "Can view log entry",
            "content_type": 16,
            "codename": "view_logentry"
        }
    },
    {
        "model": "auth.permission",
        "pk": 65,
        "fields": {
            "name": "Can add permission",
            "content_type": 17,
            "codename": "add_permission"
        }
    },
    {
        "model": "auth.permission",
        "pk": 66,
        "fields": {
            "name": "Can change permission",
            "content_type": 17,
            "codename": "change_permission"
        }
    },
    {
        "model": "auth.permission",
        "pk": 67,
        "fields": {
            "name": "Can delete permission",
            "content_type": 17,
            "codename": "delete_permission"
        }
    },
    {
        "model": "auth.permission",
        "pk": 68,
        "fields": {
            "name": "Can view permission",
            "content_type": 17,
            "codename": "view_permission"
        }
    },
    {
        "model": "auth.permission",
        "pk": 69,
        "fields": {
            "name": "Can add group",
            "content_type": 18,
            "codename": "add_group"
        }
    },
    {
        "model": "auth.permission",
        "pk": 70,
        "fields": {
            "name": "Can change group",
            "content_type": 18,
            "codename": "change_group"
        }
    },
    {
        "model": "auth.permission",
        "pk": 71,
        "fields": {
            "name": "Can delete group",
            "content_type": 18,
            "codename": "delete_group"
        }
    },
    {
        "model": "auth.permission",
        "pk": 72,
        "fields": {
            "name": "Can view group",
            "content_type": 18,
            "codename": "view_group"
        }
    },
    {
        "model": "auth.permission",
        "pk": 73,
        "fields": {
            "name": "Can add user",
            "content_type": 19,
            "codename": "add_user"
        }
    },
    {
        "model": "auth.permission",
        "pk": 74,
        "fields": {
            "name": "Can change user",
            "content_type": 19,
            "codename": "change_user"
        }
    },
    {
        "model": "auth.permission",
        "pk": 75,
        "fields": {
            "name": "Can delete user",
            "content_type": 19,
            "codename": "delete_user"
        }
    },
    {
        "model": "auth.permission",
        "pk": 76,
        "fields": {
            "name": "Can view user",
            "content_type": 19,
            "codename": "view_user"
        }
    },
    {
        "model": "auth.permission",
        "pk": 77,
        "fields": {
            "name": "Can add content type",
            "content_type": 20,
            "codename": "add_contenttype"
        }
    },
    {
        "model": "auth.permission",
        "pk": 78,
        "fields": {
            "name": "Can change content type",
            "content_type": 20,
            "codename": "change_contenttype"
        }
    },
    {
        "model": "auth.permission",
        "pk": 79,
        "fields": {
            "name": "Can delete content type",
            "content_type": 20,
            "codename": "delete_contenttype"
        }
    },
    {
        "model": "auth.permission",
        "pk": 80,
        "fields": {
            "name": "Can view content type",
            "content_type": 20,
            "codename": "view_contenttype"
        }
    },
    {
        "model": "auth.permission",
        "pk": 81,
        "fields": {
            "name": "Can add session",
            "content_type": 21,
            "codename": "add_session"
        }
    },
    {
        "model": "auth.permission",
        "pk": 82,
        "fields": {
            "name": "Can change session",
            "content_type": 21,
            "codename": "change_session"
        }
    },
    {
        "model": "auth.permission",
        "pk": 83,
        "fields": {
            "name": "Can delete session",
            "content_type": 21,
            "codename": "delete_session"
        }
    },
    {
        "model": "auth.permission",
        "pk": 84,
        "fields": {
            "name": "Can view session",
            "content_type": 21,
            "codename": "view_session"
        }
    },
    {
        "model": "auth.permission",
        "pk": 85,
        "fields": {
            "name": "Can add open_ close",
            "content_type": 22,
            "codename": "add_open_close"
        }
    },
    {
        "model": "auth.permission",
        "pk": 86,
        "fields": {
            "name": "Can change open_ close",
            "content_type": 22,
            "codename": "change_open_close"
        }
    },
    {
        "model": "auth.permission",
        "pk": 87,
        "fields": {
            "name": "Can delete open_ close",
            "content_type": 22,
            "codename": "delete_open_close"
        }
    },
    {
        "model": "auth.permission",
        "pk": 88,
        "fields": {
            "name": "Can view open_ close",
            "content_type": 22,
            "codename": "view_open_close"
        }
    },
    {
        "model": "auth.user",
        "pk": 1,
        "fields": {
            "password": "pbkdf2_sha256$180000$pOii2gV04d7q$TZA8uRUmeNvYZWEKajITU9rYcZCO7pSogvlEOquk1cU=",
            "last_login": "2020-07-16T12:17:11.734Z",
            "is_superuser": false,
            "username": "admin",
            "first_name": "",
            "last_name": "admin",
            "email": "",
            "is_staff": false,
            "is_active": true,
            "date_joined": "2020-07-09T09:07:32.255Z",
            "groups": [],
            "user_permissions": []
        }
    },
    {
        "model": "auth.user",
        "pk": 2,
        "fields": {
            "password": "pbkdf2_sha256$180000$ARtBO50ULVTB$opMOd+eqBhw5ePrEUjm9Jl/YKTetUf1x/pgIf8kL0rY=",
            "last_login": null,
            "is_superuser": false,
            "username": "coord1",
            "first_name": "",
            "last_name": "coord1",
            "email": "abc@gmail.com",
            "is_staff": false,
            "is_active": true,
            "date_joined": "2020-07-09T18:49:19.890Z",
            "groups": [],
            "user_permissions": []
        }
    },
    {
        "model": "auth.user",
        "pk": 3,
        "fields": {
            "password": "pbkdf2_sha256$180000$jngXmWmGKUwu$e79qcN0GStHl045xeuz7L/c6BMUfVlwwvojZE9vBQos=",
            "last_login": null,
            "is_superuser": false,
            "username": "coord2",
            "first_name": "",
            "last_name": "coord2",
            "email": "abc@gmail.com",
            "is_staff": false,
            "is_active": true,
            "date_joined": "2020-07-09T18:49:38.474Z",
            "groups": [],
            "user_permissions": []
        }
    },
    {
        "model": "auth.user",
        "pk": 4,
        "fields": {
            "password": "pbkdf2_sha256$180000$2QrnITuLKHqB$pwC1pdamPah62lsUrw6AUaQyEsAPBQ/fTW2TsGvGYwI=",
            "last_login": "2020-07-15T07:27:02.566Z",
            "is_superuser": false,
            "username": "eval1",
            "first_name": "",
            "last_name": "eval1",
            "email": "eval1@gmail.com",
            "is_staff": false,
            "is_active": true,
            "date_joined": "2020-07-09T18:49:59.495Z",
            "groups": [],
            "user_permissions": []
        }
    },
    {
        "model": "auth.user",
        "pk": 5,
        "fields": {
            "password": "pbkdf2_sha256$180000$8LBUQzZ687hG$q6g7bRj332sA/cTKFZuhqT2JTDRa4NraFG8JYZ49GGM=",
            "last_login": null,
            "is_superuser": false,
            "username": "eval2",
            "first_name": "",
            "last_name": "eval2",
            "email": "joke@gmail.com",
            "is_staff": false,
            "is_active": true,
            "date_joined": "2020-07-09T18:50:16.791Z",
            "groups": [],
            "user_permissions": []
        }
    },
    {
        "model": "auth.user",
        "pk": 6,
        "fields": {
            "password": "pbkdf2_sha256$180000$lGWiSArBQLsT$H+HVjykUCDaJ5mI3Ky+hZfW1BUaOlL7/Q4QO9XYSl4I=",
            "last_login": null,
            "is_superuser": false,
            "username": "eval3",
            "first_name": "",
            "last_name": "eval3",
            "email": "abcd@gmail.com",
            "is_staff": false,
            "is_active": true,
            "date_joined": "2020-07-09T18:50:37.960Z",
            "groups": [],
            "user_permissions": []
        }
    },
    {
        "model": "authtoken.token",
        "pk": "aa435fdb953c202fbdea63a07660d7d41d931c5f",
        "fields": {
            "user": 1,
            "created": "2020-07-09T09:07:32.380Z"
        }
    }
]